,price_in_rp
0,1980000000.0
1,950000000.0
2,1050000000.0
3,1150000000.0
4,5000000000.0
5,5500000000.0
6,6000000000.0
7,26000000000.0
8,455000000.0
9,1370000000.0
10,5200000000.0
11,750000000.0
12,9600000000.0
13,800000000.0
14,1080000000.0
15,5000000000.0
16,2900000000.0
17,1500000000.0
18,8750000000.0
19,9500000000.0
20,900000000.0
21,2150000000.0
22,1730000000.0
23,18000000000.0
24,7700000000.0
25,4270000000.0
26,418000000.0
27,2700000000.0
28,1350000000.0
29,1500000000.0
30,1180000000.0
31,2040000000.0
32,2790000000.0
33,1560000000.0
34,548000000.0
35,2130000000.0
36,625000000.0
37,275000000.0
38,3000000000.0
39,1920000000.0
40,330000000.0
41,4600000000.0
42,4300000000.0
43,16000000000.0
44,1150000000.0
45,3500000000.0
46,570000000.0
47,350000000.0
48,2750000000.0
49,2000000000.0
50,30000000000.0
51,2400000000.0
52,764000000.0
53,960000000.0
54,1550000000.0
55,1020000000.0
56,2640000000.0
57,1900000000.0
58,3500000000.0
59,1350000000.0
60,725000000.0
61,1220000000.0
62,1300000000.0
63,585000000.0
64,980000000.0
65,1350000000.0
66,2750000000.0
67,530000000.0
68,1150000000.0
69,6660000000.0
70,960000000.0
71,1200000000.0
72,1400000000.0
73,350000000.0
74,764000000.0
75,5700000000.0
76,2200000000.0
77,9000000000.0
78,5700000000.0
79,2500000000.0
80,2750000000.0
81,630000000.0
82,775000000.0
83,1050000000.0
84,3700000000.0
85,1300000000.0
86,7000000000.0
87,11500000000.0
88,6250000000.0
89,2200000000.0
90,7800000000.0
91,10800000000.0
92,1120000000.0
93,2450000000.0
94,500000000.0
95,1440000000.0
96,680000000.0
97,3200000000.0
98,295000000.0
99,859000000.0
100,534000000.0
101,650000000.0
102,9900000000.0
103,2520000000.0
104,2040000000.0
105,7650000000.0
106,1350000000.0
107,11500000000.0
108,1950000000.0
109,10500000000.0
110,3800000000.0
111,700000000.0
112,13800000000.0
113,17500000000.0
114,535000000.0
115,2710000000.0
116,580000000.0
117,1100000000.0
118,499000000.0
119,2720000000.0
120,525000000.0
121,2900000000.0
122,945000000.0
123,4270000000.0
124,3000000000.0
125,2000000000.0
126,650000000.0
127,592000000.0
128,2900000000.0
129,4100000000.0
130,1880000000.0
131,3000000000.0
132,2340000000.0
133,1100000000.0
134,650000000.0
135,3000000000.0
136,1940000000.0
137,3100000000.0
138,1200000000.0
139,599000000.0
140,782000000.0
141,5750000000.0
142,2150000000.0
143,785000000.0
144,388000000.0
145,7000000000.0
146,790000000.0
147,600000000.0
148,660000000.0
149,3500000000.0
150,594000000.0
151,960000000.0
152,1700000000.0
153,587000000.0
154,1300000000.0
155,908000000.0
156,1950000000.0
157,800000000.0
158,320000000.0
159,26000000000.0
160,1100000000.0
161,1250000000.0
162,4700000000.0
163,1500000000.0
164,599000000.0
165,5000000000.0
166,21900000000.0
167,1560000000.0
168,4320000000.0
169,2750000000.0
170,1350000000.0
171,195000000.0
172,389000000.0
173,506000000.0
174,640000000.0
175,1150000000.0
176,1250000000.0
177,900000000.0
178,4500000000.0
179,235000000.0
180,2250000000.0
181,4100000000.0
182,590000000.0
183,675000000.0
184,1280000000.0
185,325000000.0
186,9500000000.0
187,1200000000.0
188,455000000.0
189,260000000.0
190,1000000000.0
191,1600000000.0
192,2400000000.0
193,1750000000.0
194,1900000000.0
195,470000000.0
196,8300000000.000001
197,1270000000.0
198,1080000000.0
199,2600000000.0
200,4990000000.0
201,10000000000.0
202,810000000.0
203,1350000000.0
204,600000000.0
205,1440000000.0
206,1900000000.0
207,2500000000.0
208,3760000000.0
209,695000000.0
210,2850000000.0
211,535000000.0
212,4500000000.0
213,960000000.0
214,4190000000.000001
215,15000000000.0
216,1600000000.0
217,1050000000.0
218,5050000000.0
219,1300000000.0
220,3190000000.0
221,968000000.0
222,7390000000.0
223,6660000000.0
224,8500000000.0
225,690000000.0
226,650000000.0
227,900000000.0
228,599000000.0
229,3900000000.0
230,1450000000.0
231,25000000000.0
232,1850000000.0
233,1250000000.0
234,655000000.0
235,17500000000.0
236,500000000.0
237,4500000000.0
238,40000000000.0
239,15500000000.0
240,1900000000.0
241,1440000000.0
242,450000000.0
243,9960000000.0
244,15000000000.0
245,775000000.0
246,2050000000.0
247,782000000.0
248,755000000.0
249,1090000000.0
250,5860000000.0
251,563000000.0
252,6000000000.0
253,1550000000.0
254,351000000.0
255,660000000.0
256,1700000000.0
257,1480000000.0
258,525000000.0
259,750000000.0
260,650000000.0
261,1440000000.0
262,1200000000.0
263,438000000.0
264,5500000000.0
265,7000000000.0
266,650000000.0
267,550000000.0
268,1300000000.0
269,2800000000.0
270,2520000000.0
271,1700000000.0
272,13700000000.0
273,4850000000.0
274,25000000000.0
275,599000000.0
276,1510000000.0
277,5700000000.0
278,920000000.0
279,5950000000.0
280,1490000000.0
281,4900000000.0
282,5300000000.0
283,2800000000.0
284,11000000000.0
285,1440000000.0
286,590000000.0
287,1800000000.0
288,980000000.0
289,658000000.0
290,1380000000.0
291,660000000.0
292,650000000.0
293,3000000000.0
294,1020000000.0
295,3500000000.0
296,960000000.0
297,5400000000.0
298,1700000000.0
299,1150000000.0
300,450000000.0
301,4800000000.0
302,275000000.0
303,1300000000.0
304,975000000.0
305,2150000000.0
306,4300000000.0
307,764000000.0
308,10200000000.0
309,3500000000.0
310,1200000000.0
311,1350000000.0
312,13800000000.0
313,660000000.0
314,2280000000.0
315,4500000000.0
316,477000000.0
317,1800000000.0
318,2950000000.0
319,775000000.0
320,1600000000.0
321,1180000000.0
322,28000000000.0
323,1250000000.0
324,1050000000.0
325,2300000000.0
326,920000000.0
327,3830000000.0
328,500000000.0
329,17500000000.0
330,5100000000.0
331,2700000000.0
332,10000000000.0
333,800000000.0
334,970000000.0
335,870000000.0
336,20000000000.0
337,1980000000.0
338,800000000.0
339,3500000000.0
340,960000000.0
341,1080000000.0
342,11900000000.0
343,4500000000.0
344,1600000000.0
345,6600000000.0
346,1650000000.0
347,800000000.0
348,3500000000.0
349,945000000.0
350,1020000000.0
351,790000000.0
352,2500000000.0
353,5000000000.0
354,2100000000.0
355,1050000000.0
356,1590000000.0
357,551000000.0
358,5500000000.0
359,950000000.0
360,1970000000.0
361,1700000000.0
362,525000000.0
363,875000000.0
364,2540000000.0
365,2220000000.0
366,790000000.0
367,5000000000.0
368,920000000.0
369,1400000000.0
370,1650000000.0
371,1300000000.0
372,651000000.0
373,1220000000.0
374,325000000.0
375,4270000000.0
376,25000000000.0
377,1060000000.0
378,635000000.0
379,400000000.0
380,245000000.0
381,2000000000.0
382,13800000000.0
383,2700000000.0
384,6640000000.0
385,624000000.0
386,1500000000.0
387,466000000.0
388,2960000000.0
389,570000000.0
390,900000000.0
391,530000000.0
392,1470000000.0
393,1560000000.0
394,551000000.0
395,1200000000.0
396,779000000.0
397,8000000000.0
398,3650000000.0
399,1390000000.0
400,1270000000.0
401,1400000000.0
402,4500000000.0
403,17000000000.0
404,679000000.0
405,22000000000.0
406,11000000000.0
407,3900000000.0
408,3600000000.0
409,8050000000.000001
410,1850000000.0
411,1530000000.0
412,14000000000.0
413,655000000.0
414,22000000000.0
415,799000000.0
416,2190000000.0
417,3800000000.0
418,2960000000.0
419,6900000000.0
420,10900000000.0
421,295000000.0
422,1560000000.0
423,2800000000.0
424,1450000000.0
425,546000000.0
426,774000000.0
427,22500000000.0
428,25000000000.0
429,435000000.0
430,3800000000.0
431,950000000.0
432,1020000000.0
433,2220000000.0
434,3150000000.0
435,1300000000.0
436,7500000000.0
437,1600000000.0
438,1950000000.0
439,919000000.0
440,325000000.0
441,355000000.0
442,1200000000.0
443,2700000000.0
444,2000000000.0
445,850000000.0
446,1550000000.0
447,630000000.0
448,392000000.0
449,5990000000.0
450,2800000000.0
451,3500000000.0
452,7000000000.0
453,1440000000.0
454,3500000000.0
455,4800000000.0
456,700000000.0
457,650000000.0
458,520000000.0
459,530000000.0
460,610000000.0
461,8800000000.0
462,10900000000.0
463,879000000.0
464,3830000000.0
465,5200000000.0
466,780000000.0
467,551000000.0
468,780000000.0
469,954000000.0
470,459000000.0
471,3000000000.0
472,7000000000.0
473,690000000.0
474,300000000.0
475,375000000.0
476,875000000.0
477,960000000.0
478,1650000000.0
479,1090000000.0
480,5050000000.0
481,900000000.0
482,1150000000.0
483,1350000000.0
484,11000000000.0
485,14300000000.0
486,2650000000.0
487,725000000.0
488,1060000000.0
489,9000000000.0
490,2950000000.0
491,950000000.0
492,1560000000.0
493,575000000.0
494,559000000.0
495,900000000.0
496,764000000.0
497,5000000000.0
498,4300000000.0
499,16000000000.0
500,1500000000.0
501,440000000.0
502,7900000000.0
503,1300000000.0
504,495000000.0
505,725000000.0
506,12500000000.0
507,500000000.0
508,11000000000.0
509,895000000.0
510,1150000000.0
511,3800000000.0
512,17500000000.0
513,7900000000.0
514,10500000000.0
515,1800000000.0
516,7400000000.0
517,2100000000.0
518,770000000.0
519,14000000000.0
520,3700000000.0
521,3590000000.0
522,168000000.0
523,1350000000.0
524,3990000000.0
525,5700000000.0
526,1140000000.0
527,4000000000.0
528,1100000000.0
529,2550000000.0
530,7100000000.0
531,11800000000.0
532,34000000000.0
533,2750000000.0
534,15500000000.0
535,1250000000.0
536,3000000000.0
537,15000000000.0
538,1600000000.0
539,4000000000.0
540,1850000000.0
541,999000000.0
542,18000000000.0
543,6000000000.0
544,12400000000.0
545,11500000000.0
546,930000000.0
547,500000000.0
548,4200000000.0
549,4440000000.0
550,930000000.0
551,420000000.0
552,890000000.0
553,675000000.0
554,1250000000.0
555,1370000000.0
556,4500000000.0
557,545000000.0
558,12500000000.0
559,995000000.0
560,23000000000.0
561,5000000000.0
562,1710000000.0
563,7800000000.0
564,14500000000.0
565,1900000000.0
566,588000000.0
567,1150000000.0
568,3830000000.0
569,1700000000.0
570,900000000.0
571,2100000000.0
572,630000000.0
573,1580000000.0
574,3190000000.0
575,4300000000.0
576,3200000000.0
577,5950000000.0
578,899000000.0
579,1020000000.0
580,1560000000.0
581,82800000000.0
582,5750000000.0
583,5000000000.0
584,2990000000.0
585,800000000.0
586,1950000000.0
587,418000000.0
588,3200000000.0
589,7000000000.0
590,1020000000.0
591,1020000000.0
592,1400000000.0
593,921000000.0
594,2400000000.0
595,3500000000.0
596,2500000000.0
597,775000000.0
598,5000000000.0
599,1400000000.0
600,13700000000.0
601,2520000000.0
602,4500000000.0
603,779000000.0
604,1080000000.0
605,3800000000.0
606,2350000000.0
607,530000000.0
608,1680000000.0
609,1350000000.0
610,5000000000.0
611,2550000000.0
612,6660000000.0
613,2040000000.0
614,3800000000.0
615,960000000.0
616,10700000000.0
617,1600000000.0
618,18000000000.0
619,680000000.0
620,2900000000.0
621,895000000.0
622,2250000000.0
623,580000000.0
624,651000000.0
625,1060000000.0
626,1100000000.0
627,3150000000.0
628,6940000000.0
629,330000000.0
630,2000000000.0
631,390000000.0
632,1150000000.0
633,1800000000.0
634,516000000.0
635,1300000000.0
636,3500000000.0
637,700000000.0
638,2950000000.0
639,1350000000.0
640,25000000000.0
641,810000000.0
642,260000000.0
643,2300000000.0
644,2800000000.0
645,755000000.0
646,175000000000.0
647,13000000000.0
648,1890000000.0
649,5900000000.0
650,870000000.0
651,1180000000.0
652,1700000000.0
653,1150000000.0
654,1560000000.0
655,999000000.0
656,1400000000.0
657,1250000000.0
658,1580000000.0
659,440000000.0
660,13400000000.0
661,2400000000.0
662,1650000000.0
663,5050000000.0
664,300000000.0
665,3500000000.0
666,755000000.0
667,473000000.0
668,4500000000.0
669,764000000.0
670,774000000.0
671,1060000000.0
672,1270000000.0
673,764000000.0
674,6250000000.0
675,1430000000.0
676,785000000.0
677,2350000000.0
678,2850000000.0
679,810000000.0
680,6200000000.0
681,2400000000.0
682,5000000000.0
683,777000000.0
684,1800000000.0
685,15000000000.0
686,3120000000.0
687,2340000000.0
688,5200000000.0
689,11500000000.0
690,45000000000.0
691,1420000000.0
692,2500000000.0
693,3450000000.0
694,945000000.0
695,26000000000.0
696,2790000000.0
697,850000000.0
698,599000000.0
699,764000000.0
700,23000000000.0
701,1500000000.0
702,2300000000.0
703,1250000000.0
704,807000000.0
705,250000000000.0
706,818000000.0
707,1080000000.0
708,826000000.0
709,500000000.0
710,1900000000.0
711,22500000000.0
712,300000000.0
713,650000000.0
714,1250000000.0
715,2200000000.0
716,800000000.0
717,1200000000.0
718,1150000000.0
719,3600000000.0
720,3150000000.0
721,1500000000.0
722,799000000.0
723,475000000.0
724,390000000.0
725,400000000.0
726,3190000000.0
727,28000000000.0
728,1560000000.0
729,30000000000.0
730,1200000000.0
731,785000000.0
732,917000000.0
733,327000000.0
734,1020000000.0
735,443000000.0
736,1400000000.0
737,480000000.0
738,2040000000.0
739,524000000.0
740,1500000000.0
741,900000000.0
742,12000000000.0
743,525000000.0
744,4850000000.0
745,3500000000.0
746,1300000000.0
747,660000000.0
748,3700000000.0
749,920000000.0
750,1500000000.0
751,1400000000.0
752,530000000.0
753,2600000000.0
754,936000000.0
755,3200000000.0
756,15000000000.0
757,700000000.0
758,1450000000.0
759,899000000.0
760,1500000000.0
761,4900000000.0
762,945000000.0
763,725000000.0
764,750000000.0
765,1370000000.0
766,1020000000.0
767,10000000000.0
768,780000000.0
769,400000000.0
770,2200000000.0
771,499000000.0
772,4400000000.0
773,18500000000.0
774,620000000.0
775,2050000000.0
776,1180000000.0
777,840000000.0
778,1260000000.0
779,1350000000.0
780,535000000.0
781,1450000000.0
782,3100000000.0
783,1590000000.0
784,1650000000.0
785,3600000000.0
786,1600000000.0
787,3500000000.0
788,2250000000.0
789,700000000.0
790,1700000000.0
791,699000000.0
792,21000000000.0
793,14500000000.0
794,18500000000.0
795,2380000000.0
796,688000000.0
797,800000000.0
798,4500000000.0
799,1100000000.0
800,4700000000.0
801,500000000.0
802,496000000.0
803,1650000000.0
804,2300000000.0
805,1680000000.0
806,14000000000.0
807,1050000000.0
808,1100000000.0
809,2190000000.0
810,1490000000.0
811,945000000.0
812,1560000000.0
813,4270000000.0
814,480000000.0
815,2600000000.0
816,779000000.0
817,5800000000.0
818,6930000000.0
819,32000000000.0
820,5400000000.0
821,1320000000.0
822,3120000000.0
823,25000000000.0
824,650000000.0
825,1600000000.0
826,17000000000.0
827,2280000000.0
828,1140000000.0
829,3800000000.0
830,556000000.0
831,2040000000.0
832,750000000.0
833,5360000000.0
834,3200000000.0
835,1060000000.0
836,12000000000.0
837,5000000000.0
838,7500000000.0
839,3830000000.0
840,1000000000.0
841,775000000.0
842,1500000000.0
843,1560000000.0
844,1500000000.0
845,840000000.0
846,1750000000.0
847,945000000.0
848,2850000000.0
849,1200000000.0
850,955000000.0
851,2600000000.0
852,3000000000.0
853,1800000000.0
854,3190000000.0
855,4500000000.0
856,475000000.0
857,699000000.0
858,600000000.0
859,7100000000.0
860,1800000000.0
861,1150000000.0
862,1080000000.0
863,1000000000.0
864,3200000000.0
865,16000000000.0
866,26000000000.0
867,6660000000.0
868,5000000000.0
869,3100000000.0
870,3300000000.0
871,1580000000.0
872,5700000000.0
873,1560000000.0
874,857000000.0
875,22500000000.0
876,3500000000.0
877,45000000000.0
878,14500000000.0
879,370000000.0
880,1150000000.0
881,477000000.0
882,3950000000.0
883,1950000000.0
884,699000000.0
885,501000000.0
886,3200000000.0
887,168000000.0
888,1150000000.0
889,1900000000.0
890,3200000000.0
891,2990000000.0
892,2400000000.0
893,21000000000.0
894,1650000000.0
895,1200000000.0
896,655000000.0
897,774000000.0
898,150000000000.0
899,4800000000.0
900,900000000.0
901,648000000.0
902,2300000000.0
903,35000000000.0
904,3100000000.0
905,2200000000.0
906,800000000.0
907,2700000000.0
908,1400000000.0
909,1970000000.0
910,1350000000.0
911,3120000000.0
912,6000000000.0
913,4500000000.0
914,660000000.0
915,2500000000.0
916,1500000000.0
917,1950000000.0
918,1350000000.0
919,1150000000.0
920,2400000000.0
921,280000000.0
922,525000000.0
923,900000000.0
924,850000000.0
925,770000000.0
926,29000000000.0
927,1000000000.0
928,1900000000.0
929,26000000000.0
930,1050000000.0
931,1850000000.0
932,1150000000.0
933,745000000.0
934,2200000000.0
935,920000000.0
936,1080000000.0
937,799000000.0
938,5100000000.0
939,650000000.0
940,1320000000.0
941,560000000.0
942,810000000.0
943,780000000.0
944,960000000.0
945,2800000000.0
946,960000000.0
947,8900000000.0
948,1100000000.0
949,3250000000.0
950,960000000.0
951,800000000.0
952,1800000000.0
953,1150000000.0
954,562000000.0
955,1680000000.0
956,660000000.0
957,4600000000.0
958,7000000000.0
959,4400000000.0
960,1440000000.0
961,8490000000.0
962,970000000.0
963,9000000000.0
964,650000000.0
965,1440000000.0
966,18000000000.0
967,2750000000.0
968,1680000000.0
969,1550000000.0
970,595000000.0
971,699000000.0
972,500000000.0
973,660000000.0
974,1750000000.0
975,440000000.0
976,9000000000.0
977,3200000000.0
978,1040000000.0
979,2300000000.0
980,650000000.0
981,1410000000.0
982,750000000.0
983,5050000000.0
984,450000000.0
985,409000000.0
986,950000000.0
987,3200000000.0
988,600000000.0
989,1050000000.0
990,545000000.0
991,1400000000.0
992,14500000000.0
993,3160000000.0
994,4200000000.0
995,440000000.0
996,849000000.0
997,1200000000.0
998,2900000000.0
999,1600000000.0
1000,2450000000.0
1001,3250000000.0
1002,4200000000.0
1003,13000000000.0
1004,1170000000.0
1005,8500000000.0
1006,225000000.0
1007,350000000.0
1008,2400000000.0
1009,4600000000.0
1010,3000000000.0
1011,959000000.0
1012,1800000000.0
1013,1800000000.0
1014,5860000000.0
1015,2690000000.0
1016,1500000000.0
1017,550000000.0
1018,400000000.0
1019,338000000.0
1020,975000000.0
1021,26000000000.0
1022,3120000000.0
1023,800000000.0
1024,975000000.0
1025,1530000000.0
1026,5860000000.0
1027,660000000.0
1028,785000000.0
1029,930000000.0
1030,550000000.0
1031,3190000000.0
1032,2040000000.0
1033,2040000000.0
1034,4350000000.0
1035,5500000000.0
1036,888000000.0
1037,550000000.0
1038,650000000.0
1039,2600000000.0
1040,1100000000.0
1041,960000000.0
1042,2000000000.0
1043,3800000000.0
1044,1800000000.0
1045,400000000.0
1046,870000000.0
1047,755000000.0
1048,764000000.0
1049,1980000000.0
1050,4000000000.0
1051,1680000000.0
1052,1950000000.0
1053,625000000.0
1054,1300000000.0
1055,949000000.0
1056,3830000000.0
1057,50000000000.0
1058,1900000000.0
1059,1400000000.0
1060,4150000000.000001
1061,1590000000.0
1062,630000000.0
1063,950000000.0
1064,568000000.0
1065,1980000000.0
1066,280000000.0
1067,6650000000.0
1068,650000000.0
1069,3300000000.0
1070,655000000.0
1071,1900000000.0
1072,2900000000.0
1073,1180000000.0
1074,1200000000.0
1075,2500000000.0
1076,4890000000.0
1077,3500000000.0
1078,2800000000.0
1079,1300000000.0
1080,660000000.0
1081,12500000000.0
1082,12500000000.0
1083,1590000000.0
1084,900000000.0
1085,875000000.0
1086,25000000000.0
1087,1200000000.0
1088,385000000.0
1089,3830000000.0
1090,3500000000.0
1091,1370000000.0
1092,1200000000.0
1093,4500000000.0
1094,3700000000.0
1095,1200000000.0
1096,908000000.0
1097,1480000000.0
1098,10200000000.0
1099,1350000000.0
1100,1350000000.0
1101,25000000000.0
1102,45000000000.0
1103,2040000000.0
1104,5200000000.0
1105,4000000000.0
1106,2200000000.0
1107,1600000000.0
1108,3390000000.0
1109,4100000000.0
1110,950000000.0
1111,1100000000.0
1112,700000000.0
1113,570000000.0
1114,1400000000.0
1115,2500000000.0
1116,615000000.0
1117,2770000000.0
1118,2750000000.0
1119,975000000.0
1120,4000000000.0
1121,550000000.0
1122,5400000000.0
1123,6800000000.0
1124,1050000000.0
1125,3190000000.0
1126,3600000000.0
1127,3840000000.0
1128,5860000000.0
1129,600000000.0
1130,800000000.0
1131,780000000.0
1132,3300000000.0
1133,2550000000.0
1134,3000000000.0
1135,799000000.0
1136,3600000000.0
1137,2750000000.0
1138,1350000000.0
1139,1100000000.0
1140,15000000000.0
1141,960000000.0
1142,6750000000.0
1143,4200000000.0
1144,850000000.0
1145,4040000000.0
1146,2350000000.0
1147,775000000.0
1148,4440000000.0
1149,680000000.0
1150,3300000000.0
1151,1650000000.0
1152,2770000000.0
1153,730000000.0
1154,2700000000.0
1155,1130000000.0
1156,230000000.0
1157,685000000.0
1158,2040000000.0
1159,1800000000.0
1160,1500000000.0
1161,960000000.0
1162,2790000000.0
1163,3000000000.0
1164,3550000000.0
1165,799000000.0
1166,1500000000.0
1167,8500000000.0
1168,3900000000.0
1169,250000000.0
1170,4800000000.0
1171,20000000000.0
1172,14500000000.0
1173,945000000.0
1174,1350000000.0
1175,7500000000.0
1176,4400000000.0
1177,3550000000.0
1178,1700000000.0
1179,13900000000.0
1180,1300000000.0
1181,1950000000.0
1182,968000000.0
1183,1960000000.0
1184,1650000000.0
1185,764000000.0
1186,1300000000.0
1187,3000000000.0
1188,1150000000.0
1189,2100000000.0
1190,930000000.0
1191,800000000.0
1192,2400000000.0
1193,4100000000.0
1194,685000000.0
1195,1990000000.0
1196,3300000000.0
1197,28000000000.0
1198,800000000.0
1199,1400000000.0
1200,330000000.0
1201,1080000000.0
1202,780000000.0
1203,780000000.0
1204,8000000000.0
1205,2600000000.0
1206,15500000000.0
1207,24900000000.0
1208,2040000000.0
1209,1450000000.0
1210,900000000.0
1211,2000000000.0
1212,900000000.0
1213,900000000.0
1214,2650000000.0
1215,1080000000.0
1216,3800000000.0
1217,2400000000.0
1218,1800000000.0
1219,3850000000.0
1220,434000000.0
1221,3750000000.0
1222,959000000.0
1223,1560000000.0
1224,1680000000.0
1225,1250000000.0
1226,1350000000.0
1227,12400000000.0
1228,1250000000.0
1229,1620000000.0
1230,1200000000.0
1231,1800000000.0
1232,780000000.0
1233,476000000.0
1234,764000000.0
1235,754000000.0
1236,4500000000.0
1237,1020000000.0
1238,1650000000.0
1239,4750000000.0
1240,651000000.0
1241,500000000.0
1242,9750000000.0
1243,2850000000.0
1244,885000000.0
1245,1860000000.0
1246,1600000000.0
1247,450000000.0
1248,1400000000.0
1249,408000000.0
1250,590000000.0
1251,2500000000.0
1252,11200000000.0
1253,2200000000.0
1254,17000000000.0
1255,764000000.0
1256,595000000.0
1257,1200000000.0
1258,467000000.0
1259,1020000000.0
1260,630000000.0
1261,1150000000.0
1262,2900000000.0
1263,1350000000.0
1264,6000000000.0
1265,2750000000.0
1266,3500000000.0
1267,1350000000.0
1268,3800000000.0
1269,7800000000.0
1270,3750000000.0
1271,25000000000.0
1272,1950000000.0
1273,1380000000.0
1274,3500000000.0
1275,1200000000.0
1276,27000000000.0
1277,350000000.0
1278,2500000000.0
1279,9500000000.0
1280,6500000000.0
1281,2800000000.0
1282,1500000000.0
1283,2280000000.0
1284,7700000000.0
1285,1600000000.0
1286,25000000000.0
1287,1260000000.0
1288,750000000.0
1289,4700000000.0
1290,1900000000.0
1291,800000000.0
1292,700000000.0
1293,1870000000.0
1294,750000000.0
1295,607000000.0
1296,782000000.0
1297,5250000000.0
1298,285000000.0
1299,900000000.0
1300,2300000000.0
1301,1200000000.0
1302,875000000.0
1303,1250000000.0
1304,300000000.0
1305,250000000.0
1306,425000000.0
1307,1440000000.0
1308,2500000000.0
1309,775000000.0
1310,675000000.0
1311,3400000000.0
1312,1380000000.0
1313,7500000000.0
1314,800000000.0
1315,5500000000.0
1316,8750000000.0
1317,1800000000.0
1318,625000000.0
1319,1350000000.0
1320,1280000000.0
1321,4900000000.0
1322,19500000000.0
1323,1420000000.0
1324,3550000000.0
1325,1070000000.0
1326,1350000000.0
1327,475000000.0
1328,4100000000.0
1329,3500000000.0
1330,1600000000.0
1331,900000000.0
1332,970000000.0
1333,1450000000.0
1334,2280000000.0
1335,1400000000.0
1336,3500000000.0
1337,1500000000.0
1338,4000000000.0
1339,889000000.0
1340,950000000.0
1341,1000000000.0
1342,700000000.0
1343,85000000000.0
1344,569000000.0
1345,50000000000.0
1346,3900000000.0
1347,2000000000.0
1348,3200000000.0
1349,460000000.0
1350,7000000000.0
1351,108000000000.0
1352,475000000.0
1353,952000000.0
1354,3000000000.0
1355,1170000000.0
1356,7500000000.0
1357,785000000.0
1358,1260000000.0
1359,17000000000.0
1360,1440000000.0
1361,2400000000.0
1362,1530000000.0
1363,835000000.0
1364,7000000000.0
1365,2050000000.0
1366,168000000.0
1367,2500000000.0
1368,960000000.0
1369,1350000000.0
1370,4700000000.0
1371,2400000000.0
1372,476000000.0
1373,800000000.0
1374,8300000000.000001
1375,6850000000.0
1376,1800000000.0
1377,660000000.0
1378,5900000000.0
1379,975000000.0
1380,23000000000.0
1381,1670000000.0
1382,5500000000.0
1383,5500000000.0
1384,2280000000.0
1385,400000000.0
1386,2700000000.0
1387,1400000000.0
1388,1000000000.0
1389,2650000000.0
1390,930000000.0
1391,3830000000.0
1392,3500000000.0
1393,3550000000.0
1394,1470000000.0
1395,485000000.0
1396,400000000.0
1397,1400000000.0
1398,1800000000.0
1399,940000000.0
1400,1950000000.0
1401,2280000000.0
1402,17000000000.0
1403,4500000000.0
1404,2700000000.0
1405,494000000.0
1406,2900000000.0
1407,7500000000.0
1408,2340000000.0
1409,2550000000.0
1410,2500000000.0
1411,465000000.0
1412,999000000.0
1413,800000000.0
1414,1980000000.0
1415,1100000000.0
1416,19000000000.0
1417,250000000.0
1418,2900000000.0
1419,1500000000.0
1420,853000000.0
1421,3950000000.0
1422,995000000.0
1423,600000000.0
1424,840000000.0
1425,510000000.0
1426,1180000000.0
1427,796000000.0
1428,750000000.0
1429,3720000000.0
1430,7500000000.0
1431,4950000000.0
1432,375000000.0
1433,18000000000.0
1434,1960000000.0
1435,1440000000.0
1436,700000000.0
1437,530000000.0
1438,1700000000.0
1439,2500000000.0
1440,1060000000.0
1441,889000000.0
1442,1300000000.0
1443,755000000.0
1444,628000000.0
1445,1400000000.0
1446,800000000.0
1447,325000000.0
1448,1500000000.0
1449,600000000.0
1450,5050000000.0
1451,600000000.0
1452,3650000000.0
1453,2550000000.0
1454,5000000000.0
1455,3200000000.0
1456,2280000000.0
1457,1350000000.0
1458,12000000000.0
1459,195000000.0
1460,5000000000.0
1461,1500000000.0
1462,550000000.0
1463,3300000000.0
1464,2300000000.0
1465,13000000000.0
1466,695000000.0
1467,950000000.0
1468,1720000000.0
1469,1700000000.0
1470,1200000000.0
1471,13500000000.0
1472,1350000000.0
1473,1230000000.0
1474,2650000000.0
1475,7000000000.0
1476,950000000.0
1477,5000000000.0
1478,3300000000.0
1479,2400000000.0
1480,1350000000.0
1481,1250000000.0
1482,780000000.0
1483,2600000000.0
1484,265000000.0
1485,799000000.0
1486,660000000.0
1487,14500000000.0
1488,2600000000.0
1489,2040000000.0
1490,798000000.0
1491,1000000000.0
1492,1000000000.0
1493,1440000000.0
1494,6500000000.0
1495,1350000000.0
1496,14000000000.0
1497,2150000000.0
1498,699000000.0
1499,1350000000.0
1500,5270000000.0
1501,300000000.0
1502,1680000000.0
1503,575000000.0
1504,1430000000.0
1505,1500000000.0
1506,3830000000.0
1507,5000000000.0
1508,901000000.0
1509,1040000000.0
1510,785000000.0
1511,780000000.0
1512,1610000000.0
1513,4700000000.0
1514,2250000000.0
1515,3350000000.0
1516,3600000000.0
1517,2350000000.0
1518,2200000000.0
1519,495000000.0
1520,3800000000.0
1521,2300000000.0
1522,2500000000.0
1523,400000000.0
1524,4900000000.0
1525,2300000000.0
1526,300000000.0
1527,780000000.0
1528,919000000.0
1529,1100000000.0
1530,2000000000.0
1531,1620000000.0
1532,500000000.0
1533,2700000000.0
1534,1150000000.0
1535,3000000000.0
1536,950000000.0
1537,1800000000.0
1538,1370000000.0
1539,900000000.0
1540,1080000000.0
1541,1300000000.0
1542,3000000000.0
1543,1060000000.0
1544,20900000000.0
1545,1020000000.0
1546,784000000.0
1547,370000000.0
1548,793000000.0
1549,1000000000.0
1550,1100000000.0
1551,1020000000.0
1552,4800000000.0
1553,921000000.0
1554,2000000000.0
1555,2250000000.0
1556,3500000000.0
1557,1700000000.0
1558,900000000.0
1559,2700000000.0
1560,2700000000.0
1561,550000000.0
1562,3400000000.0
1563,185000000.0
1564,2300000000.0
1565,1500000000.0
1566,1050000000.0
1567,634000000.0
1568,897000000.0
1569,1680000000.0
1570,3800000000.0
1571,980000000.0
1572,3400000000.0
1573,1310000000.0
1574,400000000.0
1575,500000000.0
1576,954000000.0
1577,5300000000.0
1578,5500000000.0
1579,2300000000.0
1580,1200000000.0
1581,1350000000.0
1582,5320000000.0
1583,2400000000.0
1584,13500000000.0
1585,3200000000.0
1586,13000000000.0
1587,1100000000.0
1588,3830000000.0
1589,1620000000.0
1590,1140000000.0
1591,615000000.0
1592,1100000000.0
1593,1300000000.0
1594,1900000000.0
1595,1680000000.0
1596,1140000000.0
1597,750000000.0
1598,12500000000.0
1599,967000000.0
1600,945000000.0
1601,795000000.0
1602,4000000000.0
1603,1350000000.0
1604,2270000000.0
1605,1590000000.0
1606,595000000.0
1607,1590000000.0
1608,945000000.0
1609,1340000000.0
1610,18000000000.0
1611,710000000.0
1612,200000000.0
1613,1000000000.0
1614,651000000.0
1615,950000000.0
1616,1680000000.0
1617,325000000.0
1618,3400000000.0
1619,1020000000.0
1620,3000000000.0
1621,750000000.0
1622,17000000000.0
1623,9700000000.0
1624,1750000000.0
1625,2350000000.0
1626,655000000.0
1627,650000000.0
1628,1440000000.0
1629,690000000.0
1630,1580000000.0
1631,2900000000.0
1632,1100000000.0
1633,750000000.0
1634,2110000000.0
1635,3990000000.0
1636,5860000000.0
1637,660000000.0
1638,6700000000.0
1639,995000000.0
1640,870000000.0
1641,750000000.0
1642,19500000000.0
1643,10000000000.0
1644,1060000000.0
1645,2600000000.0
1646,1070000000.0
1647,660000000.0
1648,7000000000.0
1649,1680000000.0
1650,1350000000.0
1651,895000000.0
1652,3700000000.0
1653,8500000000.0
1654,7400000000.0
1655,780000000.0
1656,774000000.0
1657,2770000000.0
1658,235000000.0
1659,2520000000.0
1660,3500000000.0
1661,660000000.0
1662,1430000000.0
1663,1800000000.0
1664,2250000000.0
1665,935000000.0
1666,401000000.0
1667,1200000000.0
1668,6500000000.0
1669,1750000000.0
1670,6500000000.0
1671,3830000000.0
1672,525000000.0
1673,11000000000.0
1674,1360000000.0
1675,1050000000.0
1676,1250000000.0
1677,960000000.0
1678,700000000.0
1679,2350000000.0
1680,11500000000.0
1681,7000000000.0
1682,4700000000.0
1683,685000000.0
1684,783000000.0
1685,15500000000.0
1686,945000000.0
1687,8500000000.0
1688,800000000.0
1689,1550000000.0
1690,1250000000.0
1691,3830000000.0
1692,4300000000.0
1693,380000000.0
1694,1800000000.0
1695,5500000000.0
1696,945000000.0
1697,466000000.0
1698,3000000000.0
1699,18000000000.0
1700,2300000000.0
1701,7900000000.0
1702,975000000.0
1703,8300000000.000001
1704,1900000000.0
1705,15900000000.0
1706,1200000000.0
1707,2960000000.0
1708,1330000000.0
1709,520000000.0
1710,1870000000.0
1711,1250000000.0
1712,3500000000.0
1713,6900000000.0
1714,1500000000.0
1715,800000000.0
1716,410000000.0
1717,1440000000.0
1718,1300000000.0
1719,4200000000.0
1720,5050000000.0
1721,2000000000.0
1722,1560000000.0
1723,1980000000.0
1724,1000000000.0
1725,820000000.0
1726,700000000.0
1727,4300000000.0
1728,1080000000.0
1729,1800000000.0
1730,445000000.0
1731,650000000.0
1732,25000000000.0
1733,755000000.0
1734,310000000.0
1735,890000000.0
1736,828000000.0
1737,800000000.0
1738,7200000000.0
1739,387000000.0
1740,350000000.0
1741,800000000.0
1742,1500000000.0
1743,5000000000.0
1744,1850000000.0
1745,2500000000.0
1746,1560000000.0
1747,540000000.0
1748,2600000000.0
1749,875000000.0
1750,16000000000.0
1751,3000000000.0
1752,1350000000.0
1753,2850000000.0
1754,24000000000.0
1755,1500000000.0
1756,15000000000.0
1757,35000000000.0
1758,4680000000.0
1759,6500000000.0
1760,320000000.0
1761,1400000000.0
1762,1660000000.0
1763,2000000000.0
1764,679000000.0
1765,1050000000.0
1766,600000000.0
1767,679000000.0
1768,1050000000.0
1769,2000000000.0
1770,770000000.0
1771,2600000000.0
1772,1350000000.0
1773,495000000.0
1774,1350000000.0
1775,5100000000.0
1776,995000000.0
1777,1400000000.0
1778,1500000000.0
1779,1860000000.0
1780,2550000000.0
1781,2750000000.0
1782,660000000.0
1783,555000000.0
1784,595000000.0
1785,7500000000.0
1786,508000000.0
1787,3300000000.0
1788,1410000000.0
1789,2760000000.0
1790,3500000000.0
1791,280000000.0
1792,660000000.0
1793,1300000000.0
1794,6000000000.0
1795,168000000.0
1796,4200000000.0
1797,6000000000.0
1798,10400000000.0
1799,2400000000.0
1800,1450000000.0
1801,995000000.0
1802,1100000000.0
1803,1190000000.0
1804,931000000.0
1805,900000000.0
1806,2520000000.0
1807,800000000.0
1808,1000000000.0
1809,660000000.0
1810,2200000000.0
1811,2500000000.0
1812,5200000000.0
1813,485000000.0
1814,660000000.0
1815,1200000000.0
1816,3200000000.0
1817,550000000.0
1818,1480000000.0
1819,16000000000.0
1820,3500000000.0
1821,900000000.0
1822,839000000.0
1823,3300000000.0
1824,16500000000.0
1825,2000000000.0
1826,11500000000.0
1827,6100000000.0
1828,800000000.0
1829,900000000.0
1830,2400000000.0
1831,6500000000.0
1832,1020000000.0
1833,17500000000.0
1834,950000000.0
1835,1080000000.0
1836,415000000.0
1837,525000000.0
1838,409000000.0
1839,2900000000.0
1840,1000000000.0
1841,275000000.0
1842,630000000.0
1843,500000000.0
1844,1800000000.0
1845,15000000000.0
1846,1100000000.0
1847,1320000000.0
1848,1700000000.0
1849,780000000.0
1850,3200000000.0
1851,1150000000.0
1852,2600000000.0
1853,2500000000.0
1854,16500000000.0
1855,14500000000.0
1856,500000000.0
1857,550000000.0
1858,636000000.0
1859,2520000000.0
1860,650000000.0
1861,1150000000.0
1862,470000000.0
1863,10000000000.0
1864,2100000000.0
1865,1320000000.0
1866,1250000000.0
1867,720000000.0
1868,850000000.0
1869,440000000.0
1870,470000000.0
1871,4000000000.0
1872,2110000000.0
1873,1440000000.0
1874,8300000000.000001
1875,3700000000.0
1876,800000000.0
1877,1200000000.0
1878,960000000.0
1879,1560000000.0
1880,750000000.0
1881,800000000.0
1882,10500000000.0
1883,7100000000.0
1884,900000000.0
1885,2800000000.0
1886,2800000000.0
1887,365000000.0
1888,499000000.0
1889,12500000000.0
1890,10000000000.0
1891,2800000000.0
1892,1650000000.0
1893,5950000000.0
1894,325000000.0
1895,5000000000.0
1896,620000000.0
1897,2800000000.0
1898,3000000000.0
1899,4270000000.0
1900,1290000000.0
1901,2150000000.0
1902,4000000000.0
1903,3350000000.0
1904,18800000000.0
1905,5900000000.0
1906,1450000000.0
1907,895000000.0
1908,3500000000.0
1909,3200000000.0
1910,1590000000.0
1911,2400000000.0
1912,3830000000.0
1913,1170000000.0
1914,5100000000.0
1915,1750000000.0
1916,500000000.0
1917,10100000000.0
1918,399000000.0
1919,3250000000.0
1920,1850000000.0
1921,5350000000.0
1922,990000000.0
1923,3500000000.0
1924,2000000000.0
1925,5500000000.0
1926,150000000.0
1927,700000000.0
1928,327000000.0
1929,9500000000.0
1930,1600000000.0
1931,960000000.0
1932,5700000000.0
1933,40000000000.0
1934,6000000000.0
1935,2100000000.0
1936,810000000.0
1937,17000000000.0
1938,764000000.0
1939,1600000000.0
1940,3700000000.0
1941,1100000000.0
1942,950000000.0
1943,920000000.0
1944,800000000.0
1945,2100000000.0
1946,350000000.0
1947,884000000.0
1948,800000000.0
1949,1300000000.0
1950,699000000.0
1951,4500000000.0
1952,1440000000.0
1953,805000000.0
1954,1350000000.0
1955,1980000000.0
1956,3600000000.0
1957,172000000.0
1958,850000000.0
1959,13800000000.0
1960,2950000000.0
1961,1300000000.0
1962,600000000.0
1963,2750000000.0
1964,13500000000.0
1965,670000000.0
1966,1300000000.0
1967,1100000000.0
1968,12000000000.0
1969,1490000000.0
1970,1150000000.0
1971,8500000000.0
1972,1250000000.0
1973,200000000.0
1974,9600000000.0
1975,651000000.0
1976,8820000000.0
1977,4440000000.0
1978,2040000000.0
1979,4200000000.0
1980,680000000.0
1981,1290000000.0
1982,2550000000.0
1983,3000000000.0
1984,5500000000.0
1985,11500000000.0
1986,1500000000.0
1987,2700000000.0
1988,709000000.0
1989,250000000.0
1990,575000000.0
1991,11000000000.0
1992,570000000.0
1993,5500000000.0
1994,4500000000.0
1995,825000000.0
1996,625000000.0
1997,1080000000.0
1998,599000000.0
1999,550000000.0
2000,3500000000.0
2001,930000000.0
2002,7000000000.0
2003,12000000000.0
2004,845000000.0
2005,550000000.0
2006,1100000000.0
2007,550000000.0
2008,500000000.0
2009,1440000000.0
2010,300000000.0
2011,395000000.0
2012,484000000.0
2013,3480000000.0
2014,799000000.0
2015,2500000000.0
2016,3500000000.0
2017,450000000.0
2018,1030000000.0
2019,660000000.0
2020,2300000000.0
2021,4190000000.000001
2022,25000000000.0
2023,530000000.0
2024,463000000.0
2025,2600000000.0
2026,1560000000.0
2027,399000000.0
2028,4980000000.0
2029,630000000.0
2030,2790000000.0
2031,5500000000.0
2032,3190000000.0
2033,1650000000.0
2034,682000000.0
2035,2700000000.0
2036,1140000000.0
2037,725000000.0
2038,1550000000.0
2039,350000000.0
2040,6000000000.0
2041,1440000000.0
2042,2500000000.0
2043,13900000000.0
2044,285000000.0
2045,2100000000.0
2046,1350000000.0
2047,3100000000.0
2048,6300000000.0
2049,2500000000.0
2050,440000000.0
2051,324000000.0
2052,1020000000.0
2053,425000000.0
2054,1450000000.0
2055,2750000000.0
2056,840000000.0
2057,850000000.0
2058,590000000.0
2059,3170000000.0
2060,1950000000.0
2061,6300000000.0
2062,500000000.0
2063,1900000000.0
2064,1800000000.0
2065,1600000000.0
2066,6000000000.0
2067,2100000000.0
2068,4300000000.0
2069,1300000000.0
2070,2600000000.0
2071,7000000000.0
2072,780000000.0
2073,2040000000.0
2074,12000000000.0
2075,998000000.0
2076,865000000.0
2077,1200000000.0
2078,400000000.0
2079,6100000000.0
2080,810000000.0
2081,630000000.0
2082,3100000000.0
2083,1550000000.0
2084,1440000000.0
2085,897000000.0
2086,1940000000.0
2087,1010000000.0
2088,2550000000.0
2089,920000000.0
2090,1300000000.0
2091,1000000000.0
2092,4500000000.0
2093,5500000000.0
2094,12500000000.0
2095,1000000000.0
2096,506000000.0
2097,2300000000.0
2098,3650000000.0
2099,2040000000.0
2100,870000000.0
2101,1200000000.0
2102,3700000000.0
2103,610000000.0
2104,6500000000.0
2105,16000000000.0
2106,7500000000.0
2107,1500000000.0
2108,168000000.0
2109,1650000000.0
2110,800000000.0
2111,12000000000.0
2112,360000000.0
2113,870000000.0
2114,9500000000.0
2115,484000000.0
2116,3500000000.0
2117,5000000000.0
2118,4800000000.0
2119,1500000000.0
2120,10500000000.0
2121,300000000.0
2122,516000000.0
2123,1080000000.0
2124,5000000000.0
2125,5750000000.0
2126,762000000.0
2127,1750000000.0
2128,2990000000.0
2129,2300000000.0
2130,470000000.0
2131,1800000000.0
2132,1270000000.0
2133,869000000.0
2134,1490000000.0
2135,3950000000.0
2136,106000000000.0
2137,780000000.0
2138,4000000000.0
2139,1250000000.0
2140,30000000000.0
2141,3300000000.0
2142,477000000.0
2143,3000000000.0
2144,1750000000.0
2145,438000000.0
2146,1350000000.0
2147,17000000000.0
2148,500000000.0
2149,4500000000.0
2150,15000000000.0
2151,3500000000.0
2152,450000000.0
2153,470000000.0
2154,395000000.0
2155,3600000000.0
2156,5300000000.0
2157,1280000000.0
2158,633000000.0
2159,375000000.0
2160,7500000000.0
2161,3830000000.0
2162,1000000000.0
2163,965000000.0
2164,200000000.0
2165,225000000.0
2166,655000000.0
2167,1650000000.0
2168,372000000.0
2169,464000000.0
2170,690000000.0
2171,4200000000.0
2172,390000000.0
2173,2200000000.0
2174,1280000000.0
2175,3800000000.0
2176,771000000.0
2177,8500000000.0
2178,765000000.0
2179,3710000000.0
2180,250000000.0
2181,2520000000.0
2182,4950000000.0
2183,1250000000.0
2184,1250000000.0
2185,4000000000.0
2186,1520000000.0
2187,1900000000.0
2188,500000000.0
2189,1380000000.0
2190,4500000000.0
2191,11000000000.0
2192,999000000.0
2193,9000000000.0
2194,28000000000.0
2195,3650000000.0
2196,5000000000.0
2197,6800000000.0
2198,755000000.0
2199,2000000000.0
2200,437000000.0
2201,900000000.0
2202,1000000000.0
2203,6660000000.0
2204,359000000.0
2205,1500000000.0
2206,1470000000.0
2207,1440000000.0
2208,400000000.0
2209,1300000000.0
2210,1320000000.0
2211,400000000.0
2212,1950000000.0
2213,650000000.0
2214,4200000000.0
2215,4650000000.0
2216,840000000.0
2217,685000000.0
2218,1350000000.0
2219,1050000000.0
2220,595000000.0
2221,1200000000.0
2222,2550000000.0
2223,1250000000.0
2224,2700000000.0
2225,200000000.0
2226,4500000000.0
2227,850000000.0
2228,685000000.0
2229,335000000.0
2230,599000000.0
2231,1020000000.0
2232,1450000000.0
2233,1440000000.0
2234,13700000000.0
2235,473000000.0
2236,1080000000.0
2237,1800000000.0
2238,13500000000.0
2239,3300000000.0
2240,770000000.0
2241,32000000000.0
2242,5500000000.0
2243,2500000000.0
2244,1500000000.0
2245,1400000000.0
2246,4500000000.0
2247,2900000000.0
2248,365000000.0
2249,1200000000.0
2250,6900000000.0
2251,2220000000.0
2252,1680000000.0
2253,780000000.0
2254,125000000.0
2255,2450000000.0
2256,1150000000.0
2257,342000000.0
2258,950000000.0
2259,16000000000.0
2260,1920000000.0
2261,490000000.0
2262,1200000000.0
2263,1140000000.0
2264,650000000.0
2265,5000000000.0
2266,1250000000.0
2267,1680000000.0
2268,8330000000.0
2269,1200000000.0
2270,195000000.0
2271,2350000000.0
2272,549000000.0
2273,755000000.0
2274,2000000000.0
2275,4980000000.0
2276,12000000000.0
2277,1300000000.0
2278,1800000000.0
2279,4270000000.0
2280,15000000000.0
2281,570000000.0
2282,2300000000.0
2283,10500000000.0
2284,15500000000.0
2285,5050000000.0
2286,1150000000.0
2287,1750000000.0
2288,3830000000.0
2289,2640000000.0
2290,1210000000.0
2291,1140000000.0
2292,755000000.0
2293,590000000.0
2294,2640000000.0
2295,900000000.0
2296,1550000000.0
2297,975000000.0
2298,2090000000.0
2299,1900000000.0
2300,1750000000.0
2301,920000000.0
2302,810000000.0
2303,599000000.0
2304,1600000000.0
2305,1200000000.0
2306,750000000.0
2307,1860000000.0
2308,3000000000.0
2309,69000000000.0
2310,332000000.0
2311,465000000.0
2312,1560000000.0
2313,800000000.0
2314,500000000.0
2315,925000000.0
2316,1450000000.0
2317,8700000000.0
2318,1200000000.0
2319,418000000.0
2320,1550000000.0
2321,800000000.0
2322,5000000000.0
2323,1400000000.0
2324,2900000000.0
2325,3500000000.0
2326,1330000000.0
2327,575000000.0
2328,950000000.0
2329,1100000000.0
2330,6750000000.0
2331,3770000000.0
2332,4200000000.0
2333,975000000.0
2334,1180000000.0
2335,551000000.0
2336,655000000.0
2337,1350000000.0
2338,1020000000.0
2339,5000000000.0
2340,6000000000.0
2341,2490000000.0
2342,499000000.0
2343,16500000000.0
2344,825000000.0
2345,220000000.0
2346,3500000000.0
2347,500000000.0
2348,6000000000.0
2349,1300000000.0
2350,3750000000.0
2351,265000000.0
2352,1350000000.0
2353,2350000000.0
2354,945000000.0
2355,1000000000.0
2356,5000000000.0
2357,630000000.0
2358,1550000000.0
2359,400000000.0
2360,4550000000.0
2361,1180000000.0
2362,900000000.0
2363,496000000.0
2364,764000000.0
2365,895000000.0
2366,1590000000.0
2367,2520000000.0
2368,10000000000.0
2369,1450000000.0
2370,21000000000.0
2371,650000000.0
2372,1500000000.0
2373,485000000.0
2374,500000000.0
2375,1120000000.0
2376,1150000000.0
2377,1920000000.0
2378,665000000.0
2379,1020000000.0
2380,1050000000.0
2381,40000000000.0
2382,690000000.0
2383,655000000.0
2384,3500000000.0
2385,1150000000.0
2386,1560000000.0
2387,1080000000.0
2388,500000000.0
2389,528000000.0
2390,35000000000.0
2391,337000000.0
2392,1530000000.0
2393,750000000.0
2394,25000000000.0
2395,2300000000.0
2396,1350000000.0
2397,6200000000.0
2398,651000000.0
2399,1060000000.0
2400,565000000.0
2401,100000000000.0
2402,3450000000.0
2403,870000000.0
2404,901000000.0
2405,2300000000.0
2406,2600000000.0
2407,470000000.0
2408,520000000.0
2409,750000000.0
2410,400000000.0
2411,23100000000.0
2412,23000000000.0
2413,1700000000.0
2414,6800000000.0
2415,1200000000.0
2416,617000000.0
2417,1650000000.0
2418,1200000000.0
2419,2990000000.0
2420,4600000000.0
2421,1400000000.0
2422,1980000000.0
2423,756000000.0
2424,1250000000.0
2425,10100000000.0
2426,1110000000.0
2427,495000000.0
2428,2090000000.0
2429,18000000000.0
2430,1620000000.0
2431,750000000.0
2432,2400000000.0
2433,55000000000.0
2434,6300000000.0
2435,770000000.0
2436,1000000000.0
2437,800000000.0
2438,3100000000.0
2439,7500000000.0
2440,390000000.0
2441,695000000.0
2442,695000000.0
2443,4200000000.0
2444,275000000.0
2445,1350000000.0
2446,750000000.0
2447,1400000000.0
2448,650000000.0
2449,1150000000.0
2450,410000000.0
2451,600000000.0
2452,2000000000.0
2453,29000000000.0
2454,1600000000.0
2455,588000000.0
2456,2400000000.0
2457,930000000.0
2458,880000000.0
2459,1350000000.0
2460,1690000000.0
2461,5800000000.0
2462,992000000.0
2463,6700000000.0
2464,1250000000.0
2465,2300000000.0
2466,351000000.0
2467,3750000000.0
2468,1000000000.0
2469,4300000000.0
2470,1470000000.0
2471,1140000000.0
2472,1060000000.0
2473,1900000000.0
2474,175000000000.0
2475,1020000000.0
2476,1620000000.0
2477,4300000000.0
2478,1900000000.0
2479,1850000000.0
2480,2300000000.0
2481,4900000000.0
2482,5050000000.0
2483,1020000000.0
2484,55000000000.0
2485,5050000000.0
2486,1350000000.0
2487,1200000000.0
2488,1200000000.0
2489,400000000.0
2490,1280000000.0
2491,525000000.0
2492,1350000000.0
2493,1150000000.0
2494,5950000000.0
2495,945000000.0
2496,35000000000.0
2497,900000000.0
2498,1000000000.0
2499,1350000000.0
2500,7500000000.0
2501,4800000000.0
2502,6700000000.0
2503,11000000000.0
2504,1850000000.0
2505,468000000.0
2506,590000000.0
2507,1300000000.0
2508,6000000000.0
2509,35000000000.0
2510,1250000000.0
2511,11500000000.0
2512,3900000000.0
2513,2500000000.0
2514,2300000000.0
2515,1350000000.0
2516,1200000000.0
2517,1350000000.0
2518,1880000000.0
2519,5860000000.0
2520,680000000.0
2521,1940000000.0
2522,19700000000.0
2523,3190000000.0
2524,2520000000.0
2525,400000000.0
2526,600000000.0
2527,810000000.0
2528,619000000.0
2529,3300000000.0
2530,8000000000.0
2531,525000000.0
2532,1300000000.0
2533,2000000000.0
2534,850000000.0
2535,2300000000.0
2536,660000000.0
2537,7400000000.0
2538,410000000.0
2539,1440000000.0
2540,1650000000.0
2541,3000000000.0
2542,850000000.0
2543,1560000000.0
2544,400000000.0
2545,968000000.0
2546,830000000.0
2547,30000000000.0
2548,4400000000.0
2549,3200000000.0
2550,950000000.0
2551,1350000000.0
2552,2600000000.0
2553,2100000000.0
2554,988000000.0
2555,680000000.0
2556,3200000000.0
2557,4500000000.0
2558,1300000000.0
2559,29000000000.0
2560,1760000000.0
2561,4890000000.0
2562,5800000000.0
2563,4600000000.0
2564,1200000000.0
2565,18500000000.0
2566,1590000000.0
2567,3600000000.0
2568,5700000000.0
2569,1450000000.0
2570,2750000000.0
2571,439000000.0
2572,14000000000.0
2573,1200000000.0
2574,1050000000.0
2575,3830000000.0
2576,1890000000.0
2577,7400000000.0
2578,18500000000.0
2579,700000000.0
2580,660000000.0
2581,1100000000.0
2582,2200000000.0
2583,6000000000.0
2584,1920000000.0
2585,4000000000.0
2586,4000000000.0
2587,465000000.0
2588,1940000000.0
2589,5600000000.0
2590,945000000.0
2591,1080000000.0
2592,1100000000.0
2593,400000000.0
2594,2950000000.0
2595,2900000000.0
2596,1590000000.0
2597,5350000000.0
2598,35000000000.0
2599,1440000000.0
2600,23000000000.0
2601,785000000.0
2602,685000000.0
2603,1460000000.0
2604,661000000.0
2605,3500000000.0
2606,481000000.0
2607,1100000000.0
2608,980000000.0
2609,900000000.0
2610,1400000000.0
2611,351000000.0
2612,900000000.0
2613,960000000.0
2614,800000000.0
2615,900000000.0
2616,5300000000.0
2617,27000000000.0
2618,400000000.0
2619,2200000000.0
2620,1020000000.0
2621,19900000000.0
2622,890000000.0
2623,3300000000.0
2624,975000000.0
2625,2220000000.0
2626,1300000000.0
2627,1320000000.0
2628,9500000000.0
2629,500000000.0
2630,750000000.0
2631,2900000000.0
2632,375000000.0
2633,6630000000.0
2634,484000000.0
2635,3830000000.0
2636,865000000.0
2637,1500000000.0
2638,764000000.0
2639,1250000000.0
2640,19000000000.0
2641,3500000000.0
2642,1350000000.0
2643,1680000000.0
2644,2500000000.0
2645,11500000000.0
2646,1300000000.0
2647,4200000000.0
2648,15500000000.0
2649,1320000000.0
2650,12500000000.0
2651,23000000000.0
2652,560000000.0
2653,1080000000.0
2654,4500000000.0
2655,4270000000.0
2656,3830000000.0
2657,2950000000.0
2658,3400000000.0
2659,2600000000.0
2660,2500000000.0
2661,1450000000.0
2662,1150000000.0
2663,10500000000.0
2664,39000000000.0
2665,1350000000.0
2666,1350000000.0
2667,875000000.0
2668,2600000000.0
2669,10500000000.0
2670,4200000000.0
2671,11000000000.0
2672,7670000000.0
2673,650000000.0
2674,2300000000.0
2675,28000000000.0
2676,54500000000.0
2677,3120000000.0
2678,1400000000.0
2679,900000000.0
2680,3280000000.0
2681,1500000000.0
2682,1800000000.0
2683,900000000.0
2684,2500000000.0
2685,950000000.0
2686,1500000000.0
2687,3950000000.0
2688,15000000000.0
2689,846000000.0
2690,2400000000.0
2691,1490000000.0
2692,4700000000.0
2693,599000000.0
2694,1350000000.0
2695,749000000.0
2696,1100000000.0
2697,395000000.0
2698,583000000.0
2699,975000000.0
2700,762000000.0
2701,650000000.0
2702,8700000000.0
2703,695000000.0
2704,4850000000.0
2705,1300000000.0
2706,2500000000.0
2707,720000000.0
2708,4250000000.0
2709,960000000.0
2710,8900000000.0
2711,5000000000.0
2712,15000000000.0
2713,750000000.0
2714,345000000.0
2715,1350000000.0
2716,69000000000.0
2717,555000000.0
2718,168000000.0
2719,775000000.0
2720,3800000000.0
2721,1380000000.0
2722,1620000000.0
2723,2900000000.0
2724,1950000000.0
2725,35000000000.0
2726,1650000000.0
2727,25000000000.0
2728,8890000000.0
2729,2300000000.0
2730,725000000.0
2731,2550000000.0
2732,1030000000.0
2733,875000000.0
2734,13000000000.0
2735,6500000000.0
2736,1900000000.0
2737,1600000000.0
2738,525000000.0
2739,950000000.0
2740,1700000000.0
2741,570000000.0
2742,1250000000.0
2743,1000000000.0
2744,55000000000.0
2745,630000000.0
2746,1950000000.0
2747,3550000000.0
2748,470000000.0
2749,1800000000.0
2750,5050000000.0
2751,680000000.0
2752,650000000.0
2753,8000000000.0
2754,22000000000.0
2755,245000000.0
2756,4300000000.0
2757,333000000.0
2758,1440000000.0
2759,6660000000.0
2760,1800000000.0
2761,2040000000.0
2762,500000000.0
2763,665000000.0
2764,1050000000.0
2765,451000000.0
2766,5300000000.0
2767,4540000000.0
2768,1680000000.0
2769,2040000000.0
2770,644000000.0
2771,1500000000.0
2772,751000000.0
2773,799000000.0
2774,1400000000.0
2775,8500000000.0
2776,16500000000.0
2777,5350000000.0
2778,1990000000.0
2779,1180000000.0
2780,390000000.0
2781,2340000000.0
2782,551000000.0
2783,1180000000.0
2784,655000000.0
2785,13000000000.0
2786,2640000000.0
2787,470000000.0
2788,1200000000.0
2789,649000000.0
2790,1370000000.0
2791,1200000000.0
2792,525000000.0
2793,935000000.0
2794,450000000.0
2795,4500000000.0
2796,945000000.0
2797,2520000000.0
2798,1050000000.0
2799,975000000.0
2800,1350000000.0
2801,2150000000.0
2802,1990000000.0
2803,3650000000.0
2804,2600000000.0
2805,4900000000.0
2806,490000000.0
2807,5700000000.0
2808,5900000000.0
2809,960000000.0
2810,1200000000.0
2811,450000000.0
2812,125000000.0
2813,870000000.0
2814,514000000.0
2815,5200000000.0
2816,6200000000.0
2817,1230000000.0
2818,1400000000.0
2819,495000000.0
2820,7200000000.0
2821,3800000000.0
2822,470000000.0
2823,4500000000.0
2824,995000000.0
2825,1650000000.0
2826,1020000000.0
2827,9900000000.0
2828,1960000000.0
2829,685000000.0
2830,4200000000.0
2831,360000000.0
2832,1800000000.0
2833,750000000.0
2834,3300000000.0
2835,1440000000.0
2836,750000000.0
2837,350000000.0
2838,1250000000.0
2839,930000000.0
2840,920000000.0
2841,40000000000.0
2842,1410000000.0
2843,215000000.0
2844,897000000.0
2845,2900000000.0
2846,2350000000.0
2847,3800000000.0
2848,285000000.0
2849,725000000.0
2850,690000000.0
2851,2000000000.0
2852,2390000000.0
2853,350000000.0
2854,895000000.0
2855,2750000000.0
2856,800000000.0
2857,7000000000.0
2858,1260000000.0
2859,2500000000.0
2860,7000000000.0
2861,1600000000.0
2862,2900000000.0
2863,2750000000.0
2864,660000000.0
2865,3200000000.0
2866,685000000.0
2867,443000000.0
2868,4300000000.0
2869,2400000000.0
2870,435000000.0
2871,660000000.0
2872,1600000000.0
2873,300000000.0
2874,900000000.0
2875,2750000000.0
2876,800000000.0
2877,2300000000.0
2878,2550000000.0
2879,12000000000.0
2880,14000000000.0
2881,1500000000.0
2882,4700000000.0
2883,3550000000.0
2884,750000000.0
2885,1500000000.0
2886,1500000000.0
2887,4900000000.0
2888,3800000000.0
2889,470000000.0
2890,16000000000.0
2891,1200000000.0
2892,900000000.0
2893,70000000000.0
2894,7600000000.0
2895,1670000000.0
2896,1020000000.0
2897,665000000.0
2898,3300000000.0
2899,2400000000.0
2900,1440000000.0
2901,8250000000.0
2902,1220000000.0
2903,2700000000.0
2904,2200000000.0
2905,551000000.0
2906,2400000000.0
2907,1500000000.0
2908,590000000.0
2909,588000000.0
2910,1700000000.0
2911,400000000.0
2912,551000000.0
2913,1260000000.0
2914,1200000000.0
2915,764000000.0
2916,630000000.0
2917,890000000.0
2918,600000000.0
2919,1350000000.0
2920,225000000.0
2921,13000000000.0
2922,4440000000.0
2923,1200000000.0
2924,2100000000.0
2925,843000000.0
2926,500000000.0
2927,530000000.0
2928,4500000000.0
2929,8390000000.000001
2930,85000000000.0
2931,3120000000.0
2932,6250000000.0
2933,385000000.0
2934,550000000.0
2935,4900000000.0
2936,2350000000.0
2937,1300000000.0
2938,5500000000.0
2939,1250000000.0
2940,750000000.0
2941,9790000000.0
2942,430000000.0
2943,1450000000.0
2944,685000000.0
2945,1800000000.0
2946,562000000.0
2947,625000000.0
2948,800000000.0
2949,650000000.0
2950,680000000.0
2951,4700000000.0
2952,1430000000.0
2953,1680000000.0
2954,16000000000.0
2955,637000000.0
2956,2300000000.0
2957,2700000000.0
2958,7800000000.0
2959,1150000000.0
2960,22000000000.0
2961,2500000000.0
2962,2600000000.0
2963,45100000000.0
2964,1330000000.0
2965,1100000000.0
2966,1200000000.0
2967,2500000000.0
2968,6930000000.0
2969,2500000000.0
2970,995000000.0
2971,451000000.0
2972,12000000000.0
2973,29000000000.0
2974,550000000.0
2975,2270000000.0
2976,2150000000.0
2977,2280000000.0
2978,1900000000.0
2979,680000000.0
2980,12400000000.0
2981,6500000000.0
2982,168000000.0
2983,8390000000.000001
2984,1440000000.0
2985,3100000000.0
2986,703000000.0
2987,1200000000.0
2988,4000000000.0
2989,2200000000.0
2990,1800000000.0
2991,1750000000.0
2992,2300000000.0
2993,945000000.0
2994,500000000.0
2995,4000000000.0
2996,4500000000.0
2997,1050000000.0
2998,1610000000.0
2999,4500000000.0
3000,662000000.0
3001,678000000.0
3002,1440000000.0
3003,145000000.0
3004,13400000000.0
3005,12500000000.0
3006,470000000.0
3007,900000000.0
3008,468000000.0
3009,952000000.0
3010,870000000.0
3011,3500000000.0
3012,625000000.0
3013,2200000000.0
3014,970000000.0
3015,5500000000.0
3016,2520000000.0
3017,14000000000.0
3018,3830000000.0
3019,3100000000.0
3020,575000000.0
3021,2200000000.0
3022,4100000000.0
3023,6900000000.0
3024,1180000000.0
3025,13500000000.0
3026,2950000000.0
3027,785000000.0
3028,4200000000.0
3029,600000000.0
3030,660000000.0
3031,2600000000.0
3032,5280000000.0
3033,3500000000.0
3034,2600000000.0
3035,3500000000.0
3036,1110000000.0
3037,6800000000.0
3038,3650000000.0
3039,1440000000.0
3040,585000000.0
3041,630000000.0
3042,3800000000.0
3043,599000000.0
3044,940000000.0
3045,1000000000.0
3046,13500000000.0
3047,840000000.0
3048,535000000.0
3049,600000000.0
3050,245000000.0
3051,16899999999.999998
3052,764000000.0
3053,1160000000.0
3054,1200000000.0
3055,300000000.0
3056,495000000.0
3057,1990000000.0
3058,3200000000.0
3059,2500000000.0
3060,3100000000.0
3061,2400000000.0
3062,3950000000.0
3063,1400000000.0
3064,1400000000.0
3065,674000000.0
3066,832000000.0
3067,1650000000.0
